latitude15,longitude15,latitude05,longitude05
40.73185779,-73.98778566,40.73268903,-74.00558913
40.78495359,-73.97079801,40.73268903,-74.00558913
40.73705119,-74.00249972,40.73264512,-74.00556387
40.76470424,-73.9603603,40.73273295,-74.0056144
40.74403913,-73.98132351,40.73273295,-74.0056144
40.79857394,-73.97108242,40.73259292,-74.00646592
40.80656601,-73.96766169,40.73264512,-74.00556387
40.73603877,-74.00412395,40.73268903,-74.00558913
40.736984,-74.00296704,40.73264512,-74.00556387
40.76277768,-73.96288589,40.73109592,-73.98277116
40.7292061,-73.97950244,40.72179396,-73.982889
40.7851256,-73.97120683,40.72179396,-73.982889
40.73602867,-74.00419709,40.80784255,-73.95556877
40.73595577,-73.97656582,40.80784255,-73.95556877
40.80838469,-73.96633015,40.80784255,-73.95556877
40.73908694,-73.97773148,40.80798218,-73.95467643
40.75347641,-73.967024,40.78934943,-73.93939168
40.7746577,-73.96412312,40.73294696,-74.00704688
40.80095904,-73.949144,40.79684746,-73.93338221
40.76270891,-73.96293642,40.79690241,-73.93346523
40.71834489,-73.9855059,40.79687492,-73.93340385
40.73524905,-74.0009192,40.79684744,-73.93333887
40.73607823,-74.00383851,40.73303207,-74.00657782
40.77030119,-73.98555452,40.79588085,-73.93256695
40.78347029,-73.97318,40.79562397,-73.93452832
40.77469062,-73.96420149,40.79562397,-73.93452832
40.77070427,-73.98650806,40.79562397,-73.93452832
40.7360497,-74.00479393,40.77120663,-73.96586815
40.73947196,-73.9779239,40.80908004,-73.95461066
40.79871245,-73.97081235,40.80904433,-73.9545276
40.73901447,-73.97755902,40.72472893,-73.98983686
40.80609322,-73.96791598,40.72447361,-73.98922357
40.71843776,-73.98783359,40.79283394,-73.97153431
40.80455495,-73.95793759,40.76242288,-73.99420622
40.73993053,-73.9792141,40.7474503,-74.00568421
40.74027988,-73.97708299,40.7252163,-73.99587511
40.73937207,-73.97799661,40.74743109,-74.00559398
40.73999167,-73.97920879,40.74743109,-74.00559398
40.72918237,-73.97973392,40.74743109,-74.00559398
40.7393226,-73.97803262,40.76271935,-73.99491372
40.7391229,-73.97781708,40.76271935,-73.99487041
40.73904978,-73.97764304,40.76170926,-73.99441926
40.75356854,-73.96652987,40.77008117,-73.96547882
40.77462824,-73.96405296,40.79135686,-73.96991703
40.7393446,-73.97825231,40.79138982,-73.97000008
40.79481036,-73.97440649,40.79157932,-73.97044781
40.7943537,-73.97331984,40.79178806,-73.97098582
40.80449479,-73.9577948,40.77164069,-73.96719292
40.80772711,-73.96692235,40.77166542,-73.9672976
40.77260395,-73.94967952,40.77164069,-73.96719292
40.76463105,-73.96018665,40.75380224,-73.96595286
40.7284409,-73.97769208,40.77234,-73.98257856
40.80458822,-73.95801656,40.79437689,-73.97324553
40.73927025,-73.97807073,40.79476959,-73.97416994
40.74339891,-73.97287395,40.79436331,-73.97387395
40.74012457,-73.97907288,40.7715235,-73.9472712
40.79966683,-73.96587591,40.77208713,-73.9640228
40.74002755,-73.97914349,40.77208713,-73.9640228
40.73937321,-73.97832181,40.77208713,-73.9640228
40.82552488,-73.95338508,40.76658583,-73.97073687
40.8007605,-73.96232287,40.7739847,-73.94547124
40.76291691,-73.96278362,40.77274788,-73.98591947
40.72595709,-73.99830945,40.77440745,-73.9456117
40.76285796,-73.96282692,40.78535777,-73.97355609
40.81006602,-73.94318445,40.72424334,-73.992936
40.77986574,-73.97428837,40.7240565,-73.990324
40.72571748,-73.99781111,40.72275243,-73.98717469
40.74022182,-73.9790021,40.72290893,-73.98754986
40.74204924,-73.9790094,40.72290893,-73.98754986
40.74116402,-73.97835556,40.73245487,-73.98487439
40.74723481,-73.97788606,40.72338128,-73.99014372
40.78317722,-73.95847059,40.72338128,-73.99014372
40.74079887,-73.97858214,40.72292834,-73.98953408
40.79876877,-73.9717949,40.72249718,-73.9872505
40.78411082,-73.97076361,40.72265643,-73.98775915
40.78455495,-73.9718154,40.72253287,-73.98736233
40.79419105,-73.96837167,40.72258504,-73.98753188
40.74060484,-73.97872335,40.72000222,-73.98744578
40.74129644,-73.97822001,40.72000222,-73.98744578
40.74100659,-73.97843096,40.72034529,-73.98726534
40.74055672,-73.97879756,40.72057584,-73.98714985
40.78044081,-73.95979488,40.72063347,-73.98711737
40.73691226,-74.00699335,40.72000222,-73.98744578
40.74008869,-73.97913818,40.7202904,-73.98729782
40.79757806,-73.96215627,40.72063347,-73.98711737
40.82601811,-73.9528698,40.7434623,-73.99814868
40.74018594,-73.9790674,40.77082108,-73.9477808
40.77218671,-73.98030036,40.74349524,-73.99822808
40.74110289,-73.97836087,40.82771749,-73.94396017
40.77239418,-73.98079552,40.82757172,-73.94334602
40.74135757,-73.9782147,40.76911218,-73.9570098
40.7643254,-73.96748571,40.76909844,-73.95697371
40.78406897,-73.97066449,40.76907097,-73.95690874
40.78462212,-73.97197449,40.77431496,-73.94739896
40.74139345,-73.9781494,40.77470224,-73.94800522
40.8071505,-73.96708925,40.73988445,-73.9816466
40.8149576,-73.94484458,40.77123078,-73.95612752
40.7722397,-73.98042684,40.7841494,-73.97072915
40.72593857,-73.99847843,40.78444327,-73.97143317
40.74725844,-73.97794228,40.7841494,-73.97072915
40.77613767,-73.95157125,40.78444327,-73.97143317
40.72859267,-74.0085662,40.76952273,-73.95400583
40.72863244,-74.00855971,40.8580006,-73.93492603
40.72558939,-73.99783488,40.75376161,-73.96780809
40.78376342,-73.97361815,40.7815685,-73.97946498
40.74119942,-73.97829062,40.78162613,-73.97942524
40.7715179,-73.98040446,40.76911218,-73.9570098
40.72867385,-74.00855295,40.76909844,-73.95697371
40.72842761,-74.00859312,40.76907097,-73.95690874
40.72851232,-74.0085793,40.76926875,-73.95733462
40.7283448,-74.00860663,40.76922754,-73.95723356
40.80162404,-73.9585145,40.76934017,-73.95750425
40.72871552,-74.00854616,40.76926875,-73.95733462
40.72846738,-74.00858663,40.8413802,-73.93769986
40.72838784,-74.00859961,40.80291141,-73.93991753
40.78311573,-73.97208233,40.80170327,-73.9390373
40.73758254,-74.00588941,40.74362795,-73.97966433
40.72563604,-73.99779549,40.74362795,-73.97966433
40.82794852,-73.94990715,40.74362795,-73.97966433
40.8087159,-73.94358544,40.74362795,-73.97966433
40.7370373,-74.00642495,40.80254463,-73.93667427
40.72855454,-74.00857241,40.77402305,-73.95144291
40.77365396,-73.98552783,40.80441236,-73.95748908
40.7252132,-73.99909553,40.80441236,-73.95748908
40.72503928,-74.00467655,40.80444806,-73.95753241
40.84649341,-73.94252166,40.80441236,-73.95748908
40.77156066,-73.98050621,40.80444806,-73.95753241
40.80612271,-73.95524489,40.80444806,-73.95753241
40.77122451,-73.96595558,40.80530715,-73.95750657
40.80849177,-73.94083335,40.75973575,-73.99361807
40.80609258,-73.95517313,40.75956555,-73.99321381
40.80672251,-73.93911315,40.75949692,-73.99305138
40.81507061,-73.94094995,40.790673,-73.96834279
40.72707773,-73.98765349,40.75975497,-73.99370831
40.81581741,-73.94271739,40.75979065,-73.99379133
40.73741059,-74.0064256,40.75979065,-73.99379133
40.80718057,-73.95534335,40.7596534,-73.99346648
40.81525551,-73.94138754,40.7596534,-73.99346648
40.80330925,-73.96710333,40.78224423,-73.9826857
40.84120768,-73.93808896,40.78224423,-73.9826857
40.73253359,-74.00500406,40.74534522,-74.0006496
40.841254,-73.9382006,40.74722537,-73.99907248
40.77571229,-73.94686689,40.74512289,-74.0001227
40.76708003,-73.98399029,40.74514211,-74.00021292
40.80718295,-73.93994272,40.7450927,-74.00009022
40.7276255,-73.9874169,40.74531228,-74.00061712
40.77400972,-73.94688086,40.74540558,-74.0021076
40.79405484,-73.93401246,40.74505699,-74.00236382
40.80713112,-73.95537944,40.74491701,-74.00249013
40.80570969,-73.95091728,40.74491701,-74.00249013
40.80930648,-73.94110811,40.74542754,-74.00211482
40.73243882,-74.00530473,40.74435162,-74.00025984
40.80865242,-73.94343474,40.74435162,-74.00025984
40.8009633,-73.96544908,40.74597644,-74.0041178
40.80993963,-73.9426122,40.74597644,-74.0041178
40.79216755,-73.9399799,40.74597644,-74.0041178
40.80723914,-73.95530061,40.74597644,-74.0041178
40.72183019,-73.98286961,40.74597644,-74.0041178
40.85855761,-73.93442518,40.74597644,-74.0041178
40.8013294,-73.96586646,40.74572119,-74.00351149
40.77836128,-73.97710338,40.83598158,-73.93811327
40.78081458,-73.94946231,40.7820245,-73.98169276
40.77379868,-73.94630824,40.78230982,-73.98088023
40.78133065,-73.98322393,40.78263924,-73.9812304
40.84146082,-73.93778947,40.78270514,-73.98138204
40.85134467,-73.93968826,40.79826872,-73.96267952
40.76711302,-73.98406777,40.799296,-73.96508442
40.72186344,-73.9829485,40.7450487,-73.9744671
40.80129455,-73.96578368,40.7811465,-73.95353201
40.85802878,-73.93481365,40.80080179,-73.961739
40.7703531,-73.96793904,40.80096095,-73.96162333
40.81586516,-73.94283042,40.79778546,-73.96211275
40.7743408,-73.94759719,40.78272985,-73.98144341
40.77148056,-73.96672653,40.7827683,-73.98153729
40.80136425,-73.96594924,40.78258751,-73.94721549
40.77078643,-73.96109789,40.78262873,-73.94731657
40.83228337,-73.94493807,40.83290055,-73.93543842
40.80125226,-73.96568321,40.83290055,-73.93543842
40.85828344,-73.93462394,40.83290055,-73.93543842
40.80140361,-73.96604277,40.83290055,-73.93543842
40.80117249,-73.96969863,40.82231888,-73.94446694
40.81259898,-73.94506044,40.82231888,-73.94446694
40.80611585,-73.95550194,40.82231888,-73.94446694
40.81515212,-73.93920024,40.82231888,-73.94446694
40.85865087,-73.93437769,40.80359213,-73.94547949
40.73254618,-74.00557039,40.78428742,-73.94925798
40.79711432,-73.93151286,40.80352343,-73.94531701
40.80724334,-73.94200332,40.80347946,-73.94520868
40.81229753,-73.9443436,40.80472024,-73.94555442
40.77039994,-73.96805018,40.78484151,-73.94848118
40.85437211,-73.93894481,40.73694881,-74.00703648
40.85400422,-73.93923472,40.73715199,-73.99419398
40.84606312,-73.94205847,40.75916461,-73.9903189
40.76988668,-73.96514376,40.78326765,-73.98041053
40.80097852,-73.96923884,40.75914814,-73.9902792
40.7711745,-73.9818045,40.78326765,-73.98041053
40.73173885,-74.00687779,40.78326765,-73.98041053
40.84588033,-73.94162244,40.78406378,-73.98135999
40.81479556,-73.94445887,40.78326765,-73.98041053
40.77044612,-73.96815975,40.78028263,-73.97299843
40.84603579,-73.94199329,40.78325398,-73.98072108
40.73442837,-74.00649005,40.78995697,-73.96962876
40.82210848,-73.9379977,40.78332262,-73.98087994
40.84664778,-73.94245379,40.77970012,-73.9845423
40.76082037,-73.95889659,40.78332262,-73.98087994
40.73239621,-74.00579665,40.78332262,-73.98087994
40.73357118,-74.00860773,40.8074626,-73.94074063
40.76268892,-73.99277021,40.80726196,-73.94022064
40.82200654,-73.93775813,40.77809032,-73.97633559
40.80814885,-73.94249734,40.7601227,-73.99259288
40.77807045,-73.96233943,40.76043015,-73.99332201
40.77809597,-73.96240008,40.72280208,-73.98959543
40.85786352,-73.93512546,40.79160728,-73.97251352
40.82205644,-73.93787539,40.78357133,-73.97527924
40.77812096,-73.96245947,40.78374983,-73.97573416
40.82060463,-73.94003767,40.78378553,-73.9758172
40.77773667,-73.96154621,40.78285034,-73.97975707
40.80870039,-73.94381065,40.78106033,-73.97738168
40.73446899,-74.00865947,40.81300497,-73.94227465
40.84876567,-73.94106915,40.80899412,-73.94626979
40.76258627,-73.992526,40.8102041,-73.94532958
40.82182761,-73.93733762,40.81023707,-73.94541264
40.73371485,-74.00671328,40.81201966,-73.94236943
40.73227791,-74.00542661,40.81206082,-73.9423405
40.73275644,-74.00569385,40.81198125,-73.94240198
40.821536,-73.93665233,40.81169865,-73.94261175
40.82146438,-73.936484,40.81245318,-73.94207644
40.76177719,-73.99003378,40.81173981,-73.9425792
40.77914798,-73.96096536,40.81264798,-73.94193538
40.76449445,-73.98537254,40.81014912,-73.94515623
40.82162748,-73.93686731,40.81014912,-73.94515623
40.77909217,-73.96083266,40.81011615,-73.94507678
40.76262677,-73.99262235,40.81011615,-73.94507678
40.76856327,-73.9620064,40.81004745,-73.94491428
40.73563223,-74.00775457,40.81008317,-73.94499372
40.82187348,-73.93744543,40.80217771,-73.94958026
40.80584271,-73.96525303,40.81004745,-73.94491428
40.73279679,-74.00571754,40.80999799,-73.9447915
40.82068188,-73.93998115,40.8099815,-73.94475178
40.80531323,-73.9633646,40.80994578,-73.94466872
40.77817067,-73.96257762,40.78796481,-73.97165556
40.77905497,-73.96074419,40.77713782,-73.97600375
40.81783567,-73.94002223,40.77746186,-73.97677271
40.73266071,-74.00563763,40.81312775,-73.94645069
40.82171896,-73.93708229,40.75881576,-73.98754675
40.8281175,-73.95084884,40.75938406,-73.98889305
40.77814582,-73.96251855,40.75938406,-73.98889305
40.8171817,-73.94015544,40.81004417,-73.9438125
40.82150032,-73.93656848,40.81004417,-73.9438125
40.82132863,-73.936165,40.81004417,-73.9438125
40.83168677,-73.94742587,40.75974371,-73.98979542
40.76241477,-73.99237158,40.75974371,-73.98979542
40.81725691,-73.94033395,40.78081907,-73.97882971
40.73389936,-74.00636883,40.78081907,-73.97882971
40.81737072,-73.94060409,40.7807669,-73.97870696
40.85055682,-73.92909797,40.78082418,-73.9768618
40.81732719,-73.94050078,40.7803907,-73.9778116
40.81713551,-73.94004581,40.78082418,-73.9768618
40.76532976,-73.96986104,40.77809032,-73.97633559
40.73870198,-74.00452514,40.78737983,-73.97026189
40.80915646,-73.94656868,40.78732765,-73.97013913
40.73870247,-74.00444648,40.81188798,-73.94249598
40.77308365,-73.94905885,40.80938707,-73.95365679
40.8132388,-73.94657386,40.80964521,-73.95399256
40.8150056,-73.94522316,40.80970016,-73.95412618
40.72134201,-73.97969861,40.80961499,-73.95392394
40.71060714,-73.9932376,40.80968642,-73.95409368
40.72127573,-73.98270648,40.78353353,-73.95136375
40.72133863,-73.98291275,40.80969739,-73.95407199
40.71059301,-73.9933299,40.80965618,-73.95397449
40.72123569,-73.98257521,40.80860475,-73.95346949
40.75092388,-73.97124927,40.82286875,-73.94643201
40.71062072,-73.99314884,40.82268766,-73.94656223
40.85493684,-73.9311303,40.73430299,-74.00463307
40.81047748,-73.94029224,40.78133219,-73.97808571
40.81747625,-73.9430434,40.78126629,-73.97792324
40.71407751,-74.01490605,40.78140084,-73.97824817
40.80269621,-73.97003542,40.78128277,-73.97796296
40.71404218,-73.98353013,40.72482037,-73.97684517
40.71403314,-73.98336536,40.72482037,-73.97684517
40.74645259,-73.97605142,40.79436331,-73.97387395
40.79091816,-73.94240648,40.73950152,-74.00536597
40.8030404,-73.9696296,40.73950152,-74.00536597
40.72487824,-74.00374915,40.73950152,-74.00536597
40.81444112,-73.94749658,40.82372395,-73.94400328
40.80326071,-73.96937437,40.82429001,-73.9453433
40.73911404,-73.97963844,40.81746819,-73.94289218
40.80420298,-73.96883172,40.76547246,-73.95649953
40.80135035,-73.97085717,40.81693408,-73.93967003
40.72480169,-74.00381413,40.81700278,-73.93983255
40.73981901,-73.98138473,40.81696705,-73.93974949
40.7248581,-73.97684297,40.81705225,-73.93995534
40.8537114,-73.94070012,40.81928719,-73.9414021
40.79251885,-73.95112375,40.81928719,-73.9414021
40.80171301,-73.97074978,40.8200136,-73.945065
40.79261724,-73.95135672,40.78153859,-73.98112599
40.73670545,-73.98377799,40.81762285,-73.93938038
40.77035362,-73.99459315,40.77469747,-73.96430662
40.72481734,-73.97674644,40.7747936,-73.96453042
40.77139088,-73.99437174,40.77469747,-73.96430662
40.77016858,-73.99461112,40.72598193,-73.97964807
40.79258498,-73.95128033,40.72601213,-73.97971661
40.80453351,-73.96889753,40.72595447,-73.97958314
40.72320418,-73.98953812,40.82496773,-73.94487302
40.71961624,-73.97800553,40.80076835,-73.96919762
40.76767213,-73.99613262,40.80107305,-73.96934195
40.77455858,-73.94784797,40.799296,-73.96508442
40.82389391,-73.94030311,40.80119919,-73.96889402
40.78555316,-73.95634339,40.74589481,-73.97801075
40.77029743,-73.99463319,40.74717653,-73.97760973
40.8173786,-73.94448885,40.74777235,-73.97871028
40.77022196,-73.99464175,40.77833784,-73.97888827
40.78334866,-73.97655977,40.7957655,-73.96260508
40.81748074,-73.94473157,40.80312009,-73.96744108
40.72335749,-73.99008481,40.80312009,-73.96744108
40.77988986,-73.94846951,40.79643869,-73.96492701
40.77985036,-73.9483757,40.74652846,-73.97607252
40.84607088,-73.9339565,40.77769413,-73.95479454
40.78062615,-73.97828535,40.74805343,-73.97118893
40.77060654,-73.99456858,40.74805343,-73.97118893
40.84604506,-73.93389518,40.74811565,-73.97983259
40.81723391,-73.944145,40.73238031,-73.98174248
40.81727115,-73.94423349,40.73238031,-73.98174248
40.81686365,-73.94326516,40.73243519,-73.98170278
40.81540452,-73.94200315,40.73226778,-73.9818255
40.81732062,-73.94435106,40.78289989,-73.98061285
40.78019574,-73.97726408,40.73727085,-73.97825897
40.81719374,-73.94404956,40.79569958,-73.96244259
40.73019149,-74.00530428,40.74024314,-73.97682538
40.82671455,-73.94917968,40.74024314,-73.97682538
40.82609551,-73.94771367,40.73657636,-73.97789836
40.82666841,-73.94907041,40.74877992,-73.98009224
40.84829506,-73.93335031,40.74923824,-73.97976007
40.82662227,-73.94896113,40.74738674,-73.97235493
40.82676735,-73.94930474,40.75376161,-73.96780809
40.84538845,-73.93425828,40.79917463,-73.942944
40.78126011,-73.94808564,40.82280986,-73.94973444
40.80290986,-73.94885374,40.79981866,-73.94660948
40.73256561,-74.00519251,40.79981866,-73.94660948
40.84816844,-73.93304931,40.85061941,-73.92911009
40.85025077,-73.93430774,40.80103987,-73.94620036
40.7326282,-74.005522,40.7868216,-73.95107607
40.8515746,-73.93220864,40.75686108,-73.96104594
40.78227645,-73.9466028,0,0
40.80275047,-73.94897153,40.79118501,-73.97433023
40.7326826,-74.00555297,40.74847931,-73.97301854
40.82614698,-73.94783557,40.75161674,-73.97381853
40.84953985,-73.93041925,40.75161674,-73.97381853
40.85143517,-73.93230982,40.75161674,-73.97381853
40.73459599,-74.00485062,40.75161917,-73.97246867
40.82620193,-73.94796568,40.75161674,-73.97381853
40.85265858,-73.93302929,40.83452437,-73.9389721
40.80711233,-73.95590628,40.75725896,-73.96073529
40.78129824,-73.94817632,40.75725896,-73.96073529
40.7757268,-73.98093924,40.79389793,-73.96785369
40.7655678,-73.95878234,40.79690676,-73.97014206
40.85070003,-73.93138959,40.79712356,-73.96998305
40.73428521,-73.99579489,40.73769241,-73.98989622
40.80282944,-73.94891316,40.73461318,-73.9964025
40.80296538,-73.94881271,40.7336964,-73.99530924
40.84873467,-73.9363174,40.73436888,-73.99586848
40.76541088,-73.96979148,40.73632868,-73.9976004
40.73110522,-73.99948128,40.73588679,-73.99789991
40.76552463,-73.95868008,40.8580006,-73.93492603
40.73255767,-74.00548185,40.8580006,-73.93492603
40.73523661,-74.00053313,40.8580006,-73.93492603
40.73522438,-74.00061528,40.85821734,-73.93476675
40.84870408,-73.93624468,40.85821734,-73.93476675
40.73419025,-73.99556869,40.85821734,-73.93476675
40.73806735,-73.98546325,40.76869405,-73.96219067
40.73487367,-74.00144332,40.79836072,-73.93498433
40.73017221,-74.00203807,40.79836072,-73.93498433
40.83363449,-73.9418236,40.74635801,-73.97475531
40.84867349,-73.93617196,40.74593813,-73.9750478
40.82263846,-73.94922429,40.80906354,-73.95452398
40.73036201,-74.00192962,40.80963199,-73.95527135
40.82250548,-73.94674826,40.80908552,-73.95458176
40.82359463,-73.94866771,40.80039093,-73.94373035
40.730215,-74.00201362,40.83452437,-73.9389721
40.82425111,-73.9472491,40.85758909,-73.93525901
40.82238744,-73.94683461,40.85758909,-73.93525901
40.8236404,-73.94863479,40.85758909,-73.93525901
40.80312716,-73.94869315,40.71399065,-73.98319041
40.80307977,-73.94872817,40.71394953,-73.98353671
40.72641308,-73.97898185,40.73006703,-73.98565428
40.87143258,-73.91484095,40.73000938,-73.98552079
40.71431669,-74.0035596,40.73378148,-73.99524789
40.8483321,-73.9356511,40.732593,-73.99529128
40.73485469,-74.00369099,40.73172281,-73.99322386
40.78092156,-73.94702332,40.73188752,-73.99362074
40.82191526,-73.94460868,40.73188752,-73.99362074
40.80644467,-73.94430756,40.83452437,-73.9389721
40.8237512,-73.9485551,40.73835963,-73.99325566
40.82339953,-73.94880803,40.73491496,-73.99319828
40.84808792,-73.93507058,40.7701465,-73.9636881
40.80309549,-73.94637437,40.85536262,-73.93435023
40.73837434,-73.98619011,40.85536262,-73.93435023
40.87133613,-73.91461621,40.79685457,-73.93145356
40.81857167,-73.95342463,40.81370021,-73.94992195
40.73031871,-74.00195436,40.76662359,-73.9805851
40.82172338,-73.94469851,40.81370021,-73.94992195
40.7808945,-73.94695883,40.81282709,-73.94923983
40.87137044,-73.91469616,40.76899037,-73.98617659
40.83584697,-73.94124427,40.8697549,-73.91600101
40.81851992,-73.95330129,40.86895882,-73.91583208
40.72712885,-74.00744949,40.80842532,-73.96629338
40.72707432,-74.00745777,40.80842532,-73.96629338
40.72518835,-73.9813574,40.80842532,-73.96629338
40.82057186,-73.94546683,40.80864757,-73.96605846
40.72592303,-73.98310118,40.81046689,-73.96462701
40.8262185,-73.94581372,40.80956878,-73.96277433
40.82185526,-73.94463677,40.80956878,-73.96277433
40.83630364,-73.94233069,40.80956878,-73.96277433
40.7233142,-73.9789997,40.79227857,-73.94036411
40.84823688,-73.93542471,40.79307004,-73.94230277
40.82178958,-73.94466752,40.82570628,-73.9398319
40.82267822,-73.9466219,40.80015911,-73.94684037
40.82315108,-73.94737751,40.80015911,-73.94684037
40.82291319,-73.95014631,40.80015911,-73.94684037
40.73134921,-73.99927426,40.80015911,-73.94684037
40.72768637,-74.0040684,40.80015911,-73.94684037
40.82494154,-73.94914579,40.80103987,-73.94620036
40.8240006,-73.94690227,40.80248385,-73.94674821
40.86293557,-73.9227375,40.80248385,-73.94674821
40.72578394,-73.98277104,40.80012343,-73.94684401
40.73257755,-73.99515307,40.80012343,-73.94684401
40.8258578,-73.94689452,40.73016555,-73.98344972
40.72464547,-73.97819126,40.71061016,-73.99375263
40.72775136,-74.00478855,40.71061016,-73.99375263
40.73506126,-74.00226548,40.71061016,-73.99375263
40.82417835,-73.94732613,40.71061016,-73.99375263
40.72583195,-73.98288498,40.71061016,-73.99375263
40.72601306,-73.98331485,40.71061016,-73.99375263
40.82425131,-73.94750011,40.71061016,-73.99375263
40.71678366,-73.99009775,40.71061016,-73.99375263
40.72311373,-73.9785258,40.71061016,-73.99375263
40.70966412,-73.99339535,40.71061016,-73.99375263
40.72318082,-73.9786844,40.71061016,-73.99375263
40.72301342,-73.97828869,40.71061016,-73.99375263
40.70969138,-73.9932186,40.71061016,-73.99375263
40.79130723,-73.94382944,40.71061016,-73.99375263
40.70961228,-73.99373154,40.71061016,-73.99375263
40.73201106,-73.99871269,40.71061016,-73.99375263
40.82405366,-73.94702879,40.71061016,-73.99375263
40.72297927,-73.97820797,40.71061016,-73.99375263
40.7912445,-73.94368153,40.71061016,-73.99375263
40.7228795,-73.97797212,40.77620528,-73.945668
40.72770118,-74.00423249,40.77659094,-73.94871865
40.71671058,-73.99013541,40.776525,-73.94855622
40.72269289,-73.97753101,40.72913463,-74.00437654
40.72294486,-73.97812662,40.7291511,-74.0043152
40.821794,-73.95303565,40.7291511,-74.0043152
40.80772549,-73.95474794,40.73198092,-74.00469064
40.72291178,-73.97804843,40.82748354,-73.93735514
40.70963686,-73.99357211,40.72422432,-74.00222238
40.8256003,-73.94653503,40.82735265,-73.93896321
40.70977408,-73.99394106,40.78532277,-73.97672663
40.80636823,-73.96724929,40.78488642,-73.97704456
40.75686734,-73.97729224,40.82855727,-73.94374989
40.72324725,-73.97884142,40.78532277,-73.97672663
40.82384548,-73.94936662,40.7851883,-73.97682418
40.7305536,-73.99850391,40.82910591,-73.94312791
40.71025372,-73.99400344,40.82914163,-73.94320738
40.70974611,-73.99286367,40.77200863,-73.97975676
40.71692365,-73.98892496,40.72316482,-74.0030882
40.79108776,-73.94331193,40.72489126,-74.00366552
40.72307985,-73.97844571,40.72484734,-74.0037016
40.86362446,-73.9227441,40.77075423,-73.95892941
40.82279654,-73.94344049,40.8556726,-73.92941921
40.71032364,-73.99401254,40.85532901,-73.92859899
40.82241551,-73.94897102,40.77131975,-73.98002774
40.71580475,-73.99075465,40.77150097,-73.98046093
40.73025779,-74.00198917,40.7387184,-73.98492349
40.72426963,-73.97729691,40.7387184,-73.98492349
40.72700779,-74.00746787,40.75069746,-73.99825676
40.80602404,-73.965561,40.74949801,-73.9984192
40.8218431,-73.95315102,40.74679992,-74.00208238
40.80765597,-73.95479894,40.74967643,-74.00100334
40.70980117,-73.99250662,40.80039093,-73.94373035
40.71685291,-73.99006207,40.78712756,-73.95424646
40.7673883,-73.95480985,40.82384561,-73.94031775
40.82506322,-73.94501218,40.82385658,-73.94029606
40.70978699,-73.99259854,40.82001169,-73.94119191
40.72314814,-73.97860715,40.82099272,-73.94352144
40.70967775,-73.99330698,40.82164577,-73.94313067
40.70997894,-73.99396771,40.82099272,-73.94352144
40.8068718,-73.96494413,40.82445912,-73.93784216
40.70980221,-73.9923273,40.79262951,-73.95123071
40.8626096,-73.92227317,40.79262951,-73.95123071
40.70973237,-73.99295276,40.79258006,-73.95111157
40.70977315,-73.99268833,40.80924683,-73.94106415
40.8224229,-73.94667402,40.79210008,-73.95195338
40.71004831,-73.99397673,40.8097305,-73.9422522
40.7099112,-73.9939589,40.80884839,-73.94016864
40.72468594,-73.98224292,40.813591,-73.93966223
40.82257213,-73.94364978,40.8129809,-73.93821053
40.78311764,-73.9824886,40.79188088,-73.94655807
40.70970579,-73.99393218,40.79188088,-73.94655807
40.80626343,-73.96728441,40.79188088,-73.94655807
40.78340212,-73.98290455,40.80932378,-73.94124832
40.70981366,-73.99225307,40.80880714,-73.94002419
40.79336913,-73.9453619,40.74611646,-74.00252626
40.80777104,-73.95471452,40.74611646,-74.00252626
40.78323554,-73.98209938,40.79969483,-73.9679737
40.8276807,-73.94372969,40.72772109,-74.00386412
40.73817291,-74.00694329,40.72774579,-74.00410946
40.79114152,-73.9434387,40.72776225,-74.00428986
40.79350813,-73.97130339,40.72780341,-74.00471921
40.7101166,-73.99398561,40.72603275,-74.00945981
40.70971885,-73.99304043,40.72603275,-74.00945981
40.71535692,-73.99083134,40.72603275,-74.00945981
40.73852441,-74.00652996,40.72603275,-74.00945981
40.78353998,-73.98187602,40.72603275,-74.00945981
40.72752759,-73.98316285,40.7261014,-74.00906656
40.86359509,-73.92282378,40.7261014,-74.00906656
40.79361601,-73.97155917,40.7261014,-74.00906656
40.78370242,-73.98192783,40.7261014,-74.00906656
40.80114305,-73.96903367,40.72784465,-74.00229827
40.78339128,-73.98313706,40.72891236,-74.0025653
40.8228404,-73.94637703,40.81707892,-73.94386797
40.72635307,-73.98036343,40.81702671,-73.94374518
40.78334252,-73.98302152,40.81707892,-73.94386797
40.78275172,-73.98245419,40.81714762,-73.94403049
40.86251684,-73.91623936,40.8171119,-73.94394743
40.87099865,-73.91570535,40.8172328,-73.94423274
40.82377219,-73.94611971,40.8173015,-73.94439526
40.78322581,-73.98274496,40.84711906,-73.94235709
40.78324104,-73.98430559,40.84711906,-73.94235709
40.87091699,-73.915811,40.84711906,-73.94235709
40.78345442,-73.98328671,40.76854779,-73.95986219
40.72437719,-73.97596885,40.77314133,-73.95668226
40.87060075,-73.91622018,40.77318254,-73.95677972
40.79345486,-73.97117708,40.77345178,-73.95746191
40.76917112,-73.95701216,40.77324849,-73.95698186
40.7744234,-73.97978934,40.77315508,-73.95675807
40.71099974,-73.99424534,40.7732897,-73.95707931
40.85211359,-73.93758195,40.77323475,-73.95694937
40.78557092,-73.97790987,40.77317981,-73.95682304
40.8239489,-73.94653026,40.71959807,-73.98236287
40.73375352,-73.99427537,40.71959807,-73.98236287
40.82267572,-73.94649418,40.71959807,-73.98236287
40.82883579,-73.94815476,40.71959807,-73.98236287
40.7957751,-73.97027889,40.71959807,-73.98236287
40.73841298,-74.00653191,40.71959807,-73.98236287
40.78314574,-73.98255522,40.78576162,-73.95667044
40.87095518,-73.91576159,40.78515798,-73.95721249
40.79107696,-73.97638155,40.80214126,-73.94783931
40.72938321,-73.98602223,40.80214126,-73.94783931
40.82014751,-73.94672165,40.80214126,-73.94783931
40.79356141,-73.9714297,40.80214126,-73.94783931
40.78421444,-73.98313571,40.80214126,-73.94783931
40.78416069,-73.98300893,40.73221695,-74.00531487
40.72824625,-73.98120377,40.73269452,-74.005618
40.82044617,-73.94658278,40.73269452,-74.005618
40.78295131,-73.98379836,40.73269452,-74.005618
40.78650834,-73.9759977,40.73269452,-74.005618
40.79556584,-73.969789,40.73269452,-74.005618
40.85289542,-73.92721717,40.7335098,-74.00343146
40.86495004,-73.92402648,40.82415359,-73.94710303
40.79187791,-73.94663104,40.82377716,-73.94622533
40.79176324,-73.94671493,40.82381013,-73.94630479
40.82371508,-73.94598705,40.82382112,-73.94633008
40.76355016,-73.95956578,40.8242223,-73.94731254
40.82390236,-73.95442181,40.82385154,-73.94681783
40.79203216,-73.97774969,40.82418383,-73.94721501
40.73846952,-74.00653092,40.82385154,-73.94681783
40.78359591,-73.98362199,40.80180124,-73.95512853
40.76940013,-73.95755598,40.80176552,-73.95504547
40.85512663,-73.93448671,40.80202376,-73.95565572
40.78275835,-73.98334167,40.80238017,-73.95460078
40.82315896,-73.95433496,40.76004744,-73.96916591
40.81739518,-73.95283637,40.76004744,-73.96916591
40.80352459,-73.94544476,40.70708588,-74.00624343
40.76907829,-73.95679172,40.7800659,-73.94897956
40.80537352,-73.9498286,40.7800659,-73.94897956
40.72090655,-73.98612698,40.78054863,-73.94822453
40.7826442,-73.98307151,40.78053489,-73.94818843
40.78254179,-73.98282912,40.78172664,-73.9560881
40.72095821,-73.98610053,40.78170468,-73.95607729
40.82844915,-73.9390971,40.78316295,-73.95826095
40.79826557,-73.9399321,40.78324261,-73.95844867
40.79816072,-73.94000877,40.75552434,-73.97007759
40.76362686,-73.95974718,40.78110219,-73.94629951
40.82271125,-73.94423604,40.78110219,-73.94629951
40.82342329,-73.95496086,40.78110219,-73.94629951
40.795691,-73.96254725,40.78110219,-73.94629951
40.72887194,-73.98481439,40.78110219,-73.94629951
40.80213733,-73.95584127,40.78123191,-73.94785569
40.82325897,-73.94397963,40.78207458,-73.94794891
40.80183656,-73.95512693,40.86871003,-73.92523658
40.77513459,-73.95314758,40.86871003,-73.92523658
40.80347467,-73.94532671,40.8678814,-73.92563884
40.72755131,-73.97981781,40.86766568,-73.92739262
40.79140818,-73.96996159,40.86862112,-73.92358796
40.79987294,-73.96796562,40.8656848,-73.92027598
40.72108839,-73.98603386,40.86356789,-73.92322139
40.8085437,-73.95124575,40.86356789,-73.92322139
40.7210109,-73.98607355,40.86356789,-73.92322139
40.7705984,-73.95410753,40.86356789,-73.92322139
40.79181494,-73.95113943,40.86381502,-73.92337657
40.76914106,-73.95694078,40.86381502,-73.92337657
40.82285348,-73.94416946,40.86381502,-73.92337657
40.80014006,-73.94696941,40.79866371,-73.97141624
40.86395038,-73.92338946,40.72491717,-73.98086423
40.80178894,-73.95501383,40.72423893,-73.97920846
40.79181938,-73.94667386,40.72423893,-73.97920846
40.73496312,-73.99516572,40.79863884,-73.97075168
40.77072809,-73.95401317,40.77624924,-73.95193955
40.7975359,-73.94046286,40.73016123,-74.00191589
40.72908831,-73.98405983,40.73016123,-74.00191589
40.73749277,-74.00701169,40.77082908,-73.96107027
40.80040339,-73.94677801,40.77332955,-73.96110491
40.79986734,-73.94654932,40.73874401,-74.00446017
40.7958687,-73.97049802,40.73874401,-74.00446017
40.72119069,-73.98598147,40.73603497,-74.00347489
40.8001761,-73.94694321,40.73889773,-74.00384672
40.72364103,-73.99050064,40.73885375,-74.00549222
40.79177296,-73.97082527,40.73691055,-74.00316822
40.80522368,-73.94947287,40.73697095,-74.00273882
40.8053469,-73.94976541,40.73700663,-74.00260891
40.79685514,-73.93130665,40.73768727,-74.00468743
40.79571402,-73.96352282,40.73841728,-74.00647731
40.72403625,-73.99040163,40.73718489,-74.00650606
40.72357674,-73.99028732,40.73841728,-74.00647731
40.72113954,-73.98600767,40.73841728,-74.00647731
40.80023376,-73.9469013,40.78703081,-73.98120388
40.82280745,-73.94419101,40.78703081,-73.98120388
40.73717308,-74.00655505,40.78758794,-73.98085705
40.7354432,-73.99656055,40.78905042,-73.97827095
40.77508177,-73.95328941,40.78918497,-73.97859231
40.72275444,-73.98708317,40.78905042,-73.97827095
40.70936404,-73.99541296,40.78905042,-73.97827095
40.803594,-73.94560888,40.78921518,-73.97866453
40.79145831,-73.97008028,40.76908528,-73.96700283
40.72917939,-73.98399304,40.83755922,-73.94230756
40.80509113,-73.94915822,40.76483172,-73.9607561
40.80486783,-73.94862811,40.76483172,-73.9607561
40.74764975,-73.9731134,40.73874954,-74.00310696
40.72590334,-73.98486799,40.77326019,-73.9589748
40.72346838,-73.98992775,40.77326019,-73.9589748
40.80505094,-73.94906281,40.74024314,-73.97682538
40.72373786,-73.99082198,40.74125879,-73.97727611
40.86570282,-73.92325453,40.74125879,-73.97727611
40.80311942,-73.9675128,40.74034748,-73.97704186
40.7288836,-73.98420994,40.74034748,-73.97704186
40.72360969,-73.99039666,40.74125879,-73.97727611
40.86583704,-73.92288944,40.74034748,-73.97704186
40.73032227,-73.98824998,40.74034748,-73.97704186
40.72284535,-73.98730072,40.74034748,-73.97704186
40.72279778,-73.98718688,40.72803576,-73.9845182
40.81268612,-73.95096036,40.72800831,-73.98445327
40.72369035,-73.99066433,40.72756625,-73.98335656
40.7383546,-73.98588312,40.72543338,-73.98208352
40.80967619,-73.95419603,40.7254883,-73.982217
40.80962822,-73.95408151,40.72573542,-73.9828014
40.77581083,-73.97919342,40.72573542,-73.9828014
40.72376189,-73.99090172,40.72554321,-73.98234687
40.86580403,-73.92297925,40.72565304,-73.9826066
40.77814355,-73.98078868,40.72573542,-73.9828014
40.72798372,-73.98486375,40.72579033,-73.98293127
40.80952354,-73.95383159,40.72610083,-73.98542423
40.86424014,-73.92749326,40.7260871,-73.98539176
40.81303242,-73.95061141,40.74225008,-73.97958897
40.72897756,-73.98414104,40.773954,-73.95043564
40.72593928,-73.98495318,40.8123664,-73.95701799
40.72349891,-73.99002905,40.77467695,-73.96032426
40.8031069,-73.96748269,40.73876308,-74.00719906
40.73743165,-73.99931187,40.73695418,-74.00879019
40.73879469,-73.98501439,40.73675373,-74.00979692
40.79189555,-73.93770425,40.73645753,-74.00650599
40.86465784,-73.92776061,40.73645753,-74.00650599
40.72374395,-73.9876835,40.73696799,-74.00753806
40.72968563,-73.98487831,40.7373853,-74.00572665
40.79851989,-73.95114768,40.73695983,-74.00639057
40.8643379,-73.92755584,40.7373853,-74.00572665
40.76463583,-73.96155406,40.85426453,-73.93897105
40.79781503,-73.94946862,40.85426453,-73.93897105
40.80978352,-73.95445228,40.8538667,-73.93926783
40.77439004,-73.95102857,40.85426453,-73.93897105
40.8266668,-73.95023524,40.85306487,-73.93854199
40.80972919,-73.95432257,40.85821734,-73.93476675
40.73564413,-73.99703545,40.85754244,-73.93529159
40.72304621,-73.98778136,40.8580006,-73.93492603
40.86563847,-73.9234296,40.85821734,-73.93476675
40.79843495,-73.95094535,40.85821734,-73.93476675
40.7215894,-73.98577728,40.85821734,-73.93476675
40.72340793,-73.98892568,40.8293294,-73.94554513
40.72135161,-73.99275468,40.85306487,-73.93854199
40.81302518,-73.9499336,40.82934589,-73.94558486
40.72148833,-73.99292294,40.83124036,-73.94692394
40.78360142,-73.95143328,40.82872854,-73.94604788
40.72442176,-73.99105304,40.82877525,-73.94615625
40.71468588,-73.99097135,40.83105105,-73.94708671
40.77463056,-73.95085463,40.83204597,-73.94409385
40.86452552,-73.92767592,40.73504049,-73.98537536
40.79837895,-73.95081193,40.73504049,-73.98537536
40.72406119,-73.99189904,40.73504049,-73.98537536
40.81294176,-73.94973589,40.83290055,-73.93543842
40.80034605,-73.95964008,40.73876308,-74.00711606
40.72134593,-73.98590197,40.83290055,-73.93543842
40.72139759,-73.98587551,40.83290055,-73.93543842
40.72386041,-73.98998856,40.83290055,-73.93543842
40.7983298,-73.96295027,40.80025511,-73.96930621
40.74036542,-73.97692752,40.73437408,-74.00917233
40.7186671,-73.9835862,40.73441253,-74.0089378
40.72391536,-73.99011765,40.73441253,-74.0089378
40.72957381,-73.98065988,40.73439606,-74.00893418
40.80934777,-73.95509235,40.7344345,-74.00877903
40.76598759,-73.97164458,40.73437408,-74.00917233
40.72951957,-74.00179529,40.73441253,-74.0089378
40.78269833,-73.97952393,40.73439606,-74.00893418
40.71878591,-73.98397521,40.7344345,-74.00877903
40.71875258,-73.98386607,40.73511257,-74.00696412
40.80920923,-73.95476387,40.73511257,-74.00696412
40.77963247,-73.97790071,40.73568622,-74.00710852
40.80038594,-73.95973405,40.8148501,-73.95630469
40.72933835,-74.00142556,40.8148501,-73.95630469
40.76949061,-73.96809083,40.8148501,-73.95630469
40.82676386,-73.95016391,40.8148501,-73.95630469
40.8073246,-73.93641723,40.8154194,-73.95942569
40.72084193,-73.98635579,40.79863884,-73.97075168
40.73822641,-73.98197042,40.74481064,-73.97800389
40.71867724,-73.97649561,40.74481064,-73.97800389
40.75294898,-73.96551979,40.77421034,-73.95301694
40.71882813,-73.97641837,40.77538463,-73.95190407
40.79804303,-73.93217089,40.73991701,-73.97940926
40.81034901,-73.95384734,40.74063329,-73.97888939
40.76895934,-73.96683962,40.74111356,-73.9785392
40.72948285,-74.00172037,40.73991701,-73.97940926
40.77460036,-73.9639866,40.73991701,-73.97940926
40.72760149,-73.97944267,40.74154717,-73.9782251
40.8087436,-73.95366106,40.7760789,-73.95153529
40.71874834,-73.97645921,40.86805508,-73.92684263
40.71861023,-73.97652992,40.86805508,-73.92684263
40.79225247,-73.96634428,40.75701082,-73.96584293
40.73947642,-73.97857253,40.75696687,-73.96573828
40.7284889,-73.97780478,40.7841324,-73.98133469
40.72086319,-73.98642543,40.7841324,-73.98133469
40.72766185,-73.97939682,40.75359536,-73.97237401
40.80915328,-73.95463122,40.75359536,-73.97237401
40.72797272,-73.9820126,40.77377707,-73.9540029
40.72903655,-73.98109829,40.73916172,-73.97689431
40.73817662,-73.98185158,40.73916172,-73.97689431
40.73958224,-73.97882959,40.73916172,-73.97689431
40.75991516,-73.96895141,40.73916172,-73.97689431
40.72952338,-73.98025472,40.73916172,-73.97689431
40.7397473,-73.97930259,40.76712586,-73.96817708
40.72963783,-73.9805261,40.7670984,-73.96811572
40.75589313,-73.96761712,40.76964558,-73.96832751
40.808796,-73.95378474,40.7704223,-73.96819717
40.73944271,-73.97849065,40.7704223,-73.96819717
40.73957041,-73.97887288,40.7704223,-73.96819717
40.72956224,-73.98034686,40.80683346,-73.95117695
40.72938582,-73.98021519,40.72761501,-73.97937337
40.72936503,-73.98016599,40.72761501,-73.97937337
40.72933306,-73.97980348,40.72957221,-73.98047322
40.78520171,-73.9711294,40.72983027,-73.98077261
40.73620603,-73.99779474,40.72957221,-73.98047322
40.73193594,-73.98797046,40.72941845,-73.98010885
40.73975351,-73.97924565,40.72953103,-73.98037221
40.73954383,-73.97873629,40.72939099,-73.98004031
40.75996559,-73.96907148,40.80479011,-73.9482743
40.72967483,-73.98061382,40.805238,-73.94937927
40.73946707,-73.97862185,40.80511985,-73.94909761
40.72959577,-73.98042638,40.80496598,-73.94873291
40.7293309,-73.98008525,40.80522151,-73.94933955
40.77150107,-73.94740331,40.80499895,-73.94881235
40.77077816,-73.98668287,40.80486157,-73.94848736
40.75529539,-73.96805713,40.77661327,-73.94955268
40.73964051,-73.97667799,40.82751311,-73.94708229
,,40.82449984,-73.95452065
,,40.82785526,-73.95117598
,,40.82611081,-73.94762901
,,40.82684837,-73.95217039
,,40.82684837,-73.95217039
,,40.80604816,-73.95047315
,,40.80549116,-73.95088174
,,40.7344072,-74.0064661
,,40.73282873,-74.00984325
,,40.73252155,-74.00649839
,,40.73371003,-74.00657428
,,40.73252155,-74.00649839
,,40.73369355,-74.00669696
,,40.73356443,-74.0085516
,,40.82617583,-73.95195769
,,40.82392179,-73.9504743
,,40.82782433,-73.94944881
,,40.82702489,-73.94781257
,,40.82794535,-73.95004493
,,40.82794535,-73.95004493
,,40.82564388,-73.95323355
,,40.82564388,-73.95323355
,,40.82564388,-73.95323355
,,40.82564388,-73.95323355
,,40.8259923,-73.95286475
,,40.8259923,-73.95286475
,,40.8259923,-73.95286475
,,40.82632979,-73.95259352
,,40.82632979,-73.95259352
,,40.82359717,-73.9487872
,,40.82350114,-73.94885954
,,40.74047843,-73.99105057
,,40.74047843,-73.99105057
,,40.74047843,-73.99105057
,,40.74674497,-73.99603012
,,40.7468794,-73.99444576
,,40.747889,-73.98825617
,,40.74412927,-73.99776613
,,40.74428573,-73.99813423
,,40.74428573,-73.99813423
,,40.7430011,-73.99508845
,,40.74361864,-73.99448212
,,40.74267718,-73.99437033
,,40.75565235,-73.96645363
,,40.75565235,-73.96645363
,,40.75565235,-73.96645363
,,40.75565235,-73.96645363
,,40.75565235,-73.96645363
,,40.75565235,-73.96645363
,,40.75565235,-73.96645363
,,40.77682264,-73.95133616
,,40.79324758,-73.96843185
,,40.79311652,-73.9710358
,,40.79311652,-73.9710358
,,40.79311652,-73.9710358
,,40.79221763,-73.96602711
,,40.74672106,-73.97843995
,,40.74407839,-73.98140366
,,40.82294062,-73.95395085
,,40.82294062,-73.95395085
,,40.82294062,-73.95395085
,,40.82294062,-73.95395085
,,40.8210775,-73.95533231
,,40.8210775,-73.95533231
,,40.82005275,-73.9529087
,,40.8209566,-73.95500722
,,40.73482178,-74.00370576
,,40.73504963,-74.00215058
,,40.73527198,-74.00053765
,,40.73527198,-74.00053765
,,40.82354701,-73.95346265
,,40.82354701,-73.95346265
,,40.73525276,-74.0007758
,,40.82286252,-73.95092311
,,40.73486845,-74.00339545
,,40.73455285,-74.00084435
,,40.72962444,-73.9809206
,,40.7294871,-73.9803181
,,40.72947337,-73.98028563
,,40.72893276,-73.98093884
,,40.72950083,-73.98035057
,,40.7294871,-73.9803181
,,40.72940472,-73.98011968
,,40.72761501,-73.97937337
,,40.72761501,-73.97937337
,,40.72983027,-73.98077261
,,40.72983027,-73.98077261
,,40.72957221,-73.98047322
,,40.72941845,-73.98010885
,,40.72939099,-73.98004031
,,40.72957221,-73.98047322
,,40.72953103,-73.98037221
,,40.72752204,-73.98143714
,,40.72720353,-73.98068678
,,40.73247213,-73.99318048
,,40.80616009,-73.96357453
,,40.80616009,-73.96357453
,,40.80616009,-73.96357453
,,40.80616009,-73.96357453
,,40.80616009,-73.96357453
,,40.81216044,-73.9421531
,,40.8045306,-73.96645067
,,40.8058423,-73.96549278
,,40.80598224,-73.96536628
,,40.72500925,-74.00464325
,,40.72538802,-74.00458915
,,40.72538802,-74.00458915
,,40.72500925,-74.00464325
,,40.72538802,-74.00458915
,,40.72538802,-74.00458915
,,40.72538802,-74.00458915
,,40.72230834,-74.00597068
,,40.72230834,-74.00597068
,,40.72230834,-74.00597068
,,40.72230834,-74.00597068
,,40.72230834,-74.00597068
,,40.72230834,-74.00597068
,,40.71402754,-74.00212826
,,40.80875871,-73.95411238
,,40.81213651,-73.94601506
,,40.79930587,-73.94540864
,,40.79930587,-73.94540864
,,40.80000562,-73.94489517
,,40.80000562,-73.94489517
,,40.80000562,-73.94489517
,,40.80258168,-73.94303987
,,40.8139576,-73.94840481
,,40.73193923,-74.00598088
,,40.73193923,-74.00598088
,,40.78087441,-73.95675804
,,40.86339181,-73.92320196
,,40.86339181,-73.92320196
,,40.73193923,-74.00598088
,,40.75850748,-73.97518163
,,40.75850748,-73.97518163
,,40.75850748,-73.97518163
,,40.75850748,-73.97518163
,,40.75850748,-73.97518163
,,40.75850748,-73.97518163
,,40.75850748,-73.97518163
,,40.79941863,-73.95143258
,,40.79941863,-73.95143258